{
    "percentages": {
        "Correct_Success": 98.75068702633926,
        "Overall_Correct": 99.87989539195642,
        "Correct_Fail": 1.129208365617168,
        "Overall_Incorrect": 0.12010460804357337,
        "Incorrect_Success": 0.09275507967867423,
        "Incorrect_Fail": 0.02734952836489914
    },
    "results": {
        "Fail": 12837357,
        "Success": 1038151499
    },
    "predictions": {
        "Correct_Fail": 11856562,
        "Incorrect_Success": 973918,
        "Correct_Success": 1036871209,
        "Incorrect_Fail": 287167
    }
}